order_id,customer_name,customer_dob,customer_gender,order_date,order_cost,store_location
3941,michelle doe,1977-01-06,FEMALE,2022/08/22,70.80,AirportStore
10614,marcia johnson,1980-04-19,FEMALE,2021-05-06,163.61,AirportStore
#10106,bRuNa taYloR,1990-09-11,FEMALE,2020-08-24,160.77,OutletCenter
1012,jASoN KIM,1991-03-02,M,2022-08-26,91.96,Downtown
8740,JOHN SCHMIDT,1984-02-24,M,2021-08-26,62.85,AirportStore
4169,CLARA JOHNSON,1986-12-29,FEMALE,2023/10/24,138.13,Suburbs
6930,aNna BAkER,2003/04/04,MALE,2022/09/05,68.24,Suburbs
#1413,monica hughes,1977-05-21,M,2020/04/22,180.55,Suburbs
5603,lisa hall,1992/08/08,MALE,2020-06-30,32.75,ShoppingMall
#10418,ROBERT SMITH,1988-05-22,M,2020-03-19,116.43,ShoppingMall
#7014,AMaNdA DoE,1987/06/22,FEMALE,2023-05-25,195.62,OutletCenter
9102,BRUNa pEreZ,1972/09/01,F,2021/01/21,35.37,Downtown
#8104,MIKE schmidt,1994/04/05,FEMALE,2022-10-03,39.14,OutletCenter
6331,karen pereira,1974-06-09,MALE,2023/05/16,187.97,OutletCenter
#5084,MICHELLE DOE,1994/05/28,F,2020/12/27,162.50,AirportStore
5857,ANNA SMITH,1980/07/31,FEMALE,2020/10/26,123.87,Downtown
#5757,EMILY PEREZ,2000/06/13,F,2020/12/14,31.49,Downtown
6538,jason brown,1971-10-17,M,2023-12-16,45.95,AirportStore
6303,jerry pereira,1989/04/13,F,2023/07/11,170.23,Suburbs
#6344,jOShUA DAViS,1974-06-13,M,2020-11-29,73.51,ShoppingMall
#1771,marcia martins,1983/11/18,F,2021-05-09,68.18,AirportStore
#8821,JANE DOE,1995/04/03,MALE,2022/10/22,22.24,OutletCenter
3466,MicHeLLE RaY,2000/06/15,M,2022/03/17,140.24,AirportStore
9301,ARtHUr BlAcK,1984-08-14,M,2022-01-19,57.90,OutletCenter
9633,daVid rOChA,1981-10-14,M,2023-05-30,99.07,Suburbs
2047,anna ray,1991/06/01,M,2021-12-10,190.33,Downtown
#9724,Emily hALL,1989-02-05,MALE,2023-02-12,72.80,Downtown
#9581,MARCIA JOHNSON,1994/02/02,M,2020-09-19,21.68,Downtown
#3403,michelle hughes,1997/03/07,FEMALE,2022-08-02,148.56,ShoppingMall
#1184,PhILiP BlAcK,1975-05-26,MALE,2021/01/25,119.99,OutletCenter
4389,SARah BakER,1992/12/29,FEMALE,2022/08/13,167.86,Suburbs
#8386,julia doe,1975-12-21,MALE,2023-05-20,26.25,Downtown
#10038,MaRcIA doe,1997/12/26,MALE,2022-10-10,84.94,AirportStore
10927,michelle martins,1976/09/05,F,2022/06/29,22.47,ShoppingMall
#10338,JERRY PRICE,1983/05/10,M,2023/05/12,95.82,Suburbs
3982,julia doe,2002-11-05,MALE,2022-09-11,140.52,ShoppingMall
#3023,diana thomas,1976-01-17,M,2020/06/26,142.39,Suburbs
#1780,JANE DOE,1979/03/01,F,2021-11-21,49.26,Downtown
8421,michelle price,1982-11-18,FEMALE,2020-09-04,165.74,Downtown
#8658,mICHElLE JoHNSOn,1989/04/08,FEMALE,2022-08-16,68.62,AirportStore
#9910,monIcA LEe,1974/11/14,FEMALE,2021/01/16,149.77,ShoppingMall
8418,ROBERT PEREZ,1986/09/25,FEMALE,2023-02-06,14.64,Downtown
#3616,clara hughes,1976-12-13,MALE,2023/09/03,26.07,Suburbs
#3586,JOHN SMITH,1997-09-22,MALE,2020/11/10,84.97,Suburbs
1230,samANTHA BRoWN,1999-07-16,MALE,2022-03-22,169.87,AirportStore
#3048,anNA maRTiNs,1989-12-07,MALE,2020-03-16,187.89,Suburbs
#8428,ANNA CARTER,1997-10-27,FEMALE,2023-10-25,120.36,Suburbs
4313,mike johnson,1970/11/10,M,2023-03-23,148.44,Downtown
#8830,john clark,1975-10-26,M,2022/01/29,115.38,Suburbs
#4360,ARTHUR DOE,1981/11/08,MALE,2021-06-19,51.02,OutletCenter
3954,jack price,2002-04-13,MALE,2020/08/05,84.36,Suburbs
#7818,JasoN Ray,2000/12/08,FEMALE,2021-07-12,181.30,AirportStore
1251,SARAH TAYLOR,2004/05/22,MALE,2021-12-14,98.64,ShoppingMall
10109,JoShUa hall,2001/11/05,F,2023/04/12,125.73,ShoppingMall
#1422,jerry wilson,1990-03-20,MALE,2023/08/27,118.44,AirportStore
#4025,karEn peREz,1992/08/29,MALE,2021-03-27,197.44,OutletCenter
#2575,janE JoHnSOn,2001/02/10,F,2022-04-17,160.07,OutletCenter
#1765,DEREK PRICE,1976-01-16,MALE,2023-05-12,54.44,ShoppingMall
3681,emily young,1976/11/15,MALE,2022/01/28,177.56,OutletCenter
#7647,amanDA dAVIS,1982/08/23,MALE,2021/10/19,105.92,Suburbs
#1747,JASON SMITH,1972/11/29,M,2021/02/20,161.30,ShoppingMall
#3945,bruna wilson,1984-07-17,M,2022-07-19,58.38,AirportStore
7474,clara kim,1988/09/25,M,2023-05-22,37.17,Suburbs
#2097,ARTHUR BAKER,1979/06/08,MALE,2023-10-12,171.84,OutletCenter
1278,arthur white,2003/06/20,MALE,2020-09-02,58.38,AirportStore
#5240,robert baker,1973/02/23,MALE,2023/12/23,151.16,OutletCenter
10889,arthur nguyen,1991-04-14,FEMALE,2021-04-16,30.46,OutletCenter
#2549,PETER DOE,1973/03/18,M,2023/06/25,45.58,ShoppingMall
#5665,dereK kim,1979/09/05,F,2023-05-11,188.21,Downtown
8498,JASON HUGHES,1992/06/28,M,2020/10/17,92.67,ShoppingMall
6488,melissa green,1973-08-07,F,2020-12-23,186.89,ShoppingMall
8322,JERRY GREEN,1981-10-05,FEMALE,2023-10-13,65.54,Downtown
4787,CLARA wILSOn,1982/03/17,MALE,2023-06-30,118.28,Suburbs
4210,dereK HALl,1972/12/15,F,2023-06-02,131.02,AirportStore
#3440,rEnan ScHmidT,1987-03-06,F,2020-01-28,14.71,Suburbs
#10173,jason clark,1999/06/01,FEMALE,2020/08/06,179.19,Suburbs
7096,SaraH WilSOn,1980-08-26,FEMALE,2020/11/23,67.15,ShoppingMall
#10061,lisa hall,1974-08-22,MALE,2022/06/02,124.94,OutletCenter
#7666,peter taylor,1970/09/02,M,2022/08/24,140.76,AirportStore
#1406,SArAh CarTer,1974-06-29,MALE,2023/07/11,142.77,OutletCenter
1534,MICHELLE ROCHA,1987-01-03,MALE,2020/03/15,199.59,OutletCenter
6923,DiaNA RosS,1992/06/07,M,2021-12-15,110.89,ShoppingMall
#9086,ARThUr hugHES,2001/04/27,F,2021-06-11,146.54,ShoppingMall
8936,SAMaNtha bAKeR,1996-02-25,MALE,2022-02-14,84.55,ShoppingMall
#2502,clara brown,1998-03-07,F,2021-03-04,138.26,ShoppingMall
9133,MIcheLLe rOSs,2005/08/10,MALE,2022/09/25,109.52,OutletCenter
8114,jAnE scHmidT,1997-10-06,M,2022-11-21,103.07,ShoppingMall
10768,DEReK thOMAs,2001/12/06,M,2021/07/02,15.63,Downtown
#5235,JANE HUGHES,2000/11/18,MALE,2021/03/19,48.31,Suburbs
#8695,peter brown,1984-07-19,M,2021-06-21,29.97,AirportStore
1844,JacK CaRTeR,1974-03-05,F,2020-07-25,143.98,Downtown
7192,JANE MARTINS,1995/10/04,M,2023/02/26,164.15,AirportStore
3173,jOhN yOUng,1993-10-07,F,2021/03/19,158.90,OutletCenter
2265,MArcIA YOUNG,2004-05-21,M,2023-06-12,127.31,Downtown
#1399,ANNA whItE,1980/04/12,F,2022-05-26,104.40,Suburbs
#10302,DIANA KIM,1987/01/17,F,2022/05/03,197.81,ShoppingMall
7586,EMILY NGUYEN,1972/03/06,MALE,2023-01-10,181.27,OutletCenter
#3964,sarAh NGUyEN,2004/07/31,M,2023/06/04,73.45,ShoppingMall
4650,mike perez,1997-04-04,MALE,2021-03-11,18.06,Downtown
10765,Lisa PRICe,1976-12-11,FEMALE,2021-05-07,189.13,OutletCenter
#8683,jerry martins,1985-09-05,M,2021-10-18,37.26,ShoppingMall
10518,PHILIP PEREIRA,1979/11/05,M,2020-11-25,98.87,AirportStore
#5805,lisA maRTiNS,1997/11/04,MALE,2023/12/16,189.75,Downtown
#5090,KaREn BlaCK,1990-04-09,FEMALE,2022-10-18,39.73,Downtown
#8689,JaCK SmitH,1981/09/21,F,2021-01-25,11.64,Downtown
#9311,bruna schmidt,1996/03/22,M,2021/01/11,21.00,AirportStore
1398,PETER KIM,1985-04-02,M,2023/09/27,29.00,OutletCenter
2431,MARCIA SCHMIDT,1980-08-05,FEMALE,2021-02-22,196.30,Suburbs
#8272,MONICA CLARK,1992-07-06,FEMALE,2020-05-29,168.99,Suburbs
3338,LISA BLACK,1971-09-27,F,2021/09/24,24.59,Suburbs
1253,JULIA SCOtt,1996-07-18,FEMALE,2020-01-27,182.71,Suburbs
#5016,JERRY JOHNSON,1985/09/29,FEMALE,2021/12/03,74.67,Downtown
3976,Emily NGuyEN,1995-10-09,FEMALE,2023/03/10,126.40,AirportStore
5142,JACK SCOTT,1980-07-09,M,2020/07/11,105.55,Suburbs
1382,EmiLY prICe,2003-08-19,MALE,2020/04/27,150.89,OutletCenter
6990,renan thomas,1998/10/18,MALE,2021-10-03,145.60,AirportStore
10844,PHILIP HUGHES,1981-07-24,F,2022/07/26,104.54,AirportStore
#3940,samantha white,1993-04-18,FEMALE,2021-02-21,84.90,ShoppingMall
6388,david young,1998-05-19,F,2021-12-08,144.02,OutletCenter
#1828,ANNA NGUYEN,1975-04-10,MALE,2021/07/05,186.62,ShoppingMall
2168,LiSA caRTER,1989/03/23,FEMALE,2022/03/20,56.15,AirportStore
7535,ANNa HalL,1983/11/18,M,2022/12/07,116.03,Suburbs
6434,JOHN BLACK,1979-06-10,F,2020/07/20,76.27,OutletCenter
6801,DAVID RAY,1995-10-03,M,2020-06-20,153.30,ShoppingMall
7139,JULIA HALL,1990/09/10,MALE,2021-11-05,124.54,Downtown
9091,melissa young,2005-01-20,MALE,2023-08-20,86.27,Downtown
#1873,john green,1983-01-09,F,2021-08-14,95.71,ShoppingMall
#4070,ARTHUR CLARK,1994-10-17,F,2021/09/22,169.36,OutletCenter
4677,jERRy RosS,1988/03/16,MALE,2021/01/29,66.23,ShoppingMall
#10458,diana martins,1986/10/09,MALE,2020-12-15,49.34,OutletCenter
#3601,arthur johnson,1972/10/12,FEMALE,2023-05-26,18.45,OutletCenter
#7140,EMILY ROSS,1989/04/03,F,2021/02/16,156.77,AirportStore
8157,melissa thomas,1982/07/23,MALE,2021-04-16,132.63,OutletCenter
#3492,JAck HUGHES,2001-08-26,FEMALE,2022-03-15,169.15,OutletCenter
#8961,peter young,1976-02-13,M,2022/12/27,31.31,ShoppingMall
#5341,anna carter,1990/09/14,M,2022/06/21,166.96,AirportStore
4495,PeTeR GreEn,1994/05/11,F,2021/06/27,106.90,AirportStore
#4399,JUlIa daVis,2002/10/05,F,2021/09/05,69.49,Suburbs
2363,REnan clArK,1985-05-09,MALE,2022/06/09,169.42,Downtown
9623,marcia taylor,2000-09-05,F,2020/10/01,27.05,OutletCenter
8296,PHILIP YOUNG,1970/01/23,MALE,2023/05/04,29.81,AirportStore
9068,diana smith,1984/03/29,F,2021-10-18,95.92,Suburbs
#7185,miKE ray,1974/04/09,FEMALE,2020/12/30,59.02,ShoppingMall
#10439,AMANda BlaCk,1988-02-09,M,2023/10/15,21.14,AirportStore
#7056,JErry DAvis,1995/05/09,MALE,2023/04/15,195.33,Downtown
4837,kARen WhIte,1974/04/26,F,2023-01-17,181.45,ShoppingMall
10657,philip ray,1979-01-29,MALE,2023/04/12,34.96,Downtown
#1702,MONICA SCHMIDT,1993/11/28,FEMALE,2023/09/02,14.91,OutletCenter
5279,DIana LEe,1982-06-11,M,2020-01-17,149.99,ShoppingMall
#3481,ROBERT BAKER,1992/03/07,FEMALE,2020/08/27,41.91,Downtown
4112,david white,1995-01-18,MALE,2022-09-08,150.64,Suburbs
#4664,PETER KIM,1991/03/02,MALE,2023-08-02,190.59,Downtown
9123,CLARA SCHMIDT,1976/02/09,F,2021-10-30,156.38,Suburbs
7902,peter nguyen,1971-07-19,M,2020/01/04,171.54,AirportStore
#7146,MONICA ROSS,1997/10/13,F,2020/12/31,97.06,AirportStore
#9771,jaCK HughEs,1972-12-14,MALE,2023/10/11,28.92,Suburbs
#8521,MELISSA SMITH,1995-07-31,MALE,2020-02-07,29.28,ShoppingMall
6733,MARCIA BROWN,1988/11/25,FEMALE,2022/06/04,142.00,AirportStore
#7784,amanda young,1997/07/11,M,2023/06/04,124.65,Suburbs
#3023,diana brOwN,1995-08-27,M,2020-04-29,101.79,Suburbs
#10684,anna Hughes,2005/05/07,MALE,2020-10-23,43.14,Downtown
7448,MARCIA BLACK,2002/11/21,FEMALE,2023/03/18,147.11,AirportStore
#9972,karen nguyen,1978/04/28,FEMALE,2021/07/23,131.68,OutletCenter
1766,michelle kim,1991-01-25,MALE,2023/03/04,196.78,Suburbs
#8156,renan lee,1984-06-03,F,2023/05/29,60.20,Suburbs
#1172,michelle green,1992/07/16,MALE,2022-09-03,48.12,AirportStore
3731,pEtER jOhNsON,1973/12/19,MALE,2020/06/25,36.82,AirportStore
#4692,john taylor,2000-05-12,M,2021/03/02,99.55,Suburbs
#6955,jack price,1973/03/17,MALE,2022/01/16,41.27,ShoppingMall
1925,john taylor,2005/12/30,FEMALE,2022-09-27,141.51,AirportStore
1227,PETER KIM,2004/07/15,F,2022-08-06,63.54,Downtown
2541,derek hall,1990/06/01,MALE,2022-06-22,26.35,AirportStore
6082,JASON DOE,1996/07/02,MALE,2023/07/07,13.20,AirportStore
7585,BRUNA WILSON,1997/10/15,MALE,2021-11-23,55.03,AirportStore
2624,jack thomas,1987-06-15,F,2020/03/25,134.55,ShoppingMall
#7742,julia rocha,1985/08/23,F,2022/08/27,116.43,OutletCenter
7544,JANE JOHNSON,1988-11-15,F,2021/01/22,63.55,AirportStore
5705,melissa young,1985/09/22,FEMALE,2021/06/01,95.28,OutletCenter
3112,LISA BAKER,1980/01/09,M,2021/01/18,99.41,Downtown
1915,philip martins,2000-09-02,F,2020/07/03,43.84,Downtown
3908,julia clark,1984-09-05,F,2022-03-19,85.21,ShoppingMall
6438,DAVID LEE,1985-02-24,F,2023/04/15,83.47,Downtown
2325,rEnan rochA,1997/06/16,MALE,2022-11-23,117.85,Downtown
3549,JASON PEREIRA,1979/07/03,M,2021/07/31,187.81,Downtown
#3317,MELISSA DAVIS,1976-07-21,M,2021/09/20,192.34,Downtown
2470,SARAH WILSON,1985-06-20,MALE,2023-02-14,68.67,Suburbs
4034,SARAH MARTINS,1995/05/02,F,2020-11-22,157.32,ShoppingMall
#4175,SAmaNThA mARTiNS,2005-06-15,F,2022-03-29,21.74,OutletCenter
6897,LISA YOuNG,1976/01/08,F,2021/07/13,138.98,Downtown
5411,emily baker,2001-02-16,M,2020/01/03,74.68,OutletCenter
#9880,MONICA HUGHES,1996/11/12,F,2021/06/26,52.37,OutletCenter
#3396,david clark,1992/04/11,MALE,2022/07/06,181.28,ShoppingMall
3598,renan baker,1989/09/16,F,2020-05-21,104.66,AirportStore
#4570,clara wilson,1987/05/27,F,2022/01/31,70.94,ShoppingMall
4288,sarah ross,1987-05-20,MALE,2021-02-27,177.48,ShoppingMall
#8829,robert green,1988/08/22,M,2023-05-23,148.60,AirportStore
#1522,JAson rocha,1971/03/15,M,2023-02-03,77.11,OutletCenter
#8445,brUNa CLARk,1973-02-25,M,2023-02-12,132.45,OutletCenter
4408,deReK scoTt,1981-08-20,MALE,2022-01-30,46.31,ShoppingMall
3232,MARCiA bakEr,1976-12-20,M,2023/05/09,129.85,Suburbs
2377,Lisa MartInS,1986-07-05,FEMALE,2020-03-26,116.70,ShoppingMall
8680,JACK CLARK,1990/11/01,MALE,2020-12-23,102.35,OutletCenter
8499,JACK RAY,1991/07/31,FEMALE,2021-11-27,81.14,Downtown
2449,ARTHUR PEREIRA,1974/08/03,FEMALE,2021/03/30,122.52,Downtown
10428,BRUNA DAVIS,1997-07-04,F,2021/11/06,140.43,AirportStore
#10369,bruna schmidt,1983/05/09,MALE,2020/05/19,189.27,OutletCenter
3056,kaReN GrEEN,1995-11-26,FEMALE,2021/11/17,16.94,Suburbs
9117,micHelLe MARTInS,1986-07-12,F,2020-10-12,89.27,ShoppingMall
10519,JACk jOhnson,1999/03/25,M,2020-02-06,11.14,Suburbs
9586,JULIA HALL,2004-04-02,FEMALE,2021-12-26,165.62,OutletCenter
7132,mike kim,1981/05/21,MALE,2022-12-05,95.38,OutletCenter
9073,anna brown,1990-04-15,M,2020-09-06,181.36,Downtown
8060,karen rocha,1985/12/27,MALE,2020-03-15,102.29,OutletCenter
8989,JerRy SMitH,1994-10-19,MALE,2023-10-13,98.87,Downtown
5309,samantha nguyen,1971/02/22,FEMALE,2022-05-08,104.73,OutletCenter
#8079,BrUNA gREeN,1994/12/02,MALE,2022/08/12,100.05,OutletCenter
1458,mONiCa KIm,1972-02-29,MALE,2021/08/09,136.11,Downtown
3186,monica black,1998/10/14,F,2020-05-24,72.86,ShoppingMall
#2957,joshua rocha,2001-02-01,F,2021/08/26,75.83,AirportStore
5190,anna martins,1989/01/19,M,2020/12/14,165.53,Downtown
#5869,monica dOe,1970-03-31,M,2021-12-05,189.28,Downtown
#4759,SARAH SCOTT,1987/10/09,F,2020/09/02,157.44,ShoppingMall
#8764,ArtHuR blACk,2001/01/02,M,2022-05-26,168.83,AirportStore
10708,JULIA PEREIRA,1980-08-10,M,2022/03/24,77.60,ShoppingMall
4824,bruna THOmas,1987-04-19,M,2022-05-26,189.48,AirportStore
10127,LIsA priCE,1997/01/10,MALE,2023/07/06,171.45,Suburbs
9820,mElissa JOhNson,1990/06/18,M,2021-12-08,160.07,Suburbs
6912,jERRy hAll,1996/04/05,M,2023/10/28,21.89,AirportStore
9247,AMANDA NGUYEN,1976/01/13,MALE,2022/10/06,97.95,AirportStore
8654,lISa Wilson,1982-12-18,FEMALE,2022-02-13,171.80,ShoppingMall
9652,derek brown,1986/03/31,M,2020/06/09,40.31,Downtown
#5249,MIKE SMITH,1996-01-22,MALE,2022/10/26,65.99,ShoppingMall
1756,derek black,1970-07-03,M,2020-03-15,156.89,ShoppingMall
#1796,melissa kim,1973-06-02,MALE,2021/08/17,21.23,Suburbs
4885,ROBERT BAKER,1977/01/22,F,2020-11-04,76.41,Suburbs
#10737,ROBERT CLARK,1991-01-16,M,2023/11/22,12.95,OutletCenter
#10120,jason smith,1998/01/20,MALE,2022-06-08,111.06,ShoppingMall
1219,amanda white,1998-10-25,F,2023/12/28,73.31,Downtown
9159,amanda hughes,2000/09/05,MALE,2021/11/10,92.19,ShoppingMall
#9328,mONiCa PEreiRA,1989-12-18,MALE,2021/08/01,140.70,Suburbs
2778,pETEr SChmiDT,1985/06/22,FEMALE,2023-02-10,33.77,Downtown
7442,AMANDA kIM,1983-03-31,M,2022-01-30,38.17,Downtown
3230,ANNA ROCHA,1986-11-24,FEMALE,2023-07-26,152.57,OutletCenter
6982,KAREN SMITH,2003/09/19,FEMALE,2023-09-14,130.71,OutletCenter
#6429,MARCIA THOMAS,1998-09-17,M,2023/06/25,31.18,Downtown
#2102,MICHELLE DOE,1983-09-02,F,2021/06/01,19.08,Downtown
1122,jane taylor,2002-11-23,FEMALE,2023/07/19,165.09,OutletCenter
3106,DIANA CLARK,1994/02/05,FEMALE,2021-03-05,132.22,Downtown
1071,julia ross,2001-12-30,M,2020-10-30,83.71,AirportStore
#9368,john lee,1980-02-17,M,2023/02/19,153.83,OutletCenter
10029,MONICA DOE,1997/12/12,MALE,2021-12-28,100.23,AirportStore
7201,JErRy yOung,2000-09-26,M,2020/06/17,197.52,OutletCenter
4048,jane kim,1991-09-16,MALE,2021/11/20,183.12,OutletCenter
5374,marcia kim,1995/07/25,FEMALE,2023-04-22,149.51,Downtown
#5333,michelle carter,2000/06/02,M,2022-09-11,63.81,AirportStore
8399,maRcIa greeN,1983/01/09,FEMALE,2021-11-04,86.28,Downtown
7513,michelle doe,1972-08-25,FEMALE,2023/06/27,168.46,ShoppingMall
#3601,anna taylor,1987-04-18,FEMALE,2022-04-29,168.47,OutletCenter
1103,david kim,1992-09-07,MALE,2020/10/10,19.72,ShoppingMall
#3117,KaRen blAck,1994-07-30,F,2020-06-23,12.15,Downtown
1243,karen ray,1982/06/26,M,2022-03-16,162.08,OutletCenter
5185,JAck yOUnG,1985-04-02,FEMALE,2022/02/24,163.62,Downtown
#6208,KAREN PRICE,2003/11/30,MALE,2021/07/09,163.13,Suburbs
9272,michelle carter,1998-09-05,F,2021/06/07,156.80,AirportStore
#4587,DEREK PEREZ,1987-06-30,F,2021/09/10,50.97,AirportStore
#6826,lisa smith,1979/02/18,MALE,2023/05/13,99.34,Suburbs
#1134,jOSHUA WHIte,2001/10/16,M,2023/05/06,193.85,AirportStore
#1579,JULIA BLACK,1994-10-05,FEMALE,2022/09/05,96.85,AirportStore
8962,john black,1979/02/06,M,2020-09-11,76.95,AirportStore
#3724,JANE PRICE,1983/05/02,M,2022/06/04,77.50,Suburbs
#6555,JASON TAYLOR,1990-12-20,M,2021-09-09,39.42,AirportStore
1438,JOHN DAVIS,1996-08-01,F,2020-06-06,162.65,Downtown
#1536,jason nguyen,2000-10-07,F,2022/02/13,174.27,ShoppingMall
5581,joSHua cLark,1999/05/02,MALE,2022/05/07,19.31,ShoppingMall
5909,MARCIA TAYLOR,1982-07-20,F,2021-04-07,111.41,Suburbs
#2666,MELISSA LEE,2001-06-06,MALE,2021/12/26,29.87,Downtown
#1367,julia baker,1977/07/21,MALE,2020-09-25,14.80,Downtown
6064,JuliA NGuYEn,1979-04-09,FEMALE,2023-02-01,29.12,Suburbs
3762,anna doe,1999/12/26,F,2021/11/01,101.68,ShoppingMall
5678,david price,2005-03-12,M,2020-02-16,182.61,Suburbs
#10975,derek doe,2001/12/29,MALE,2021-03-14,37.59,Downtown
#9911,MICHELLE BAKER,1973/09/07,F,2022/05/24,102.67,OutletCenter
1136,ANNA BAKER,1982/09/03,FEMALE,2021/07/09,11.10,AirportStore
10782,EMILY JOHNSON,1990/04/03,MALE,2021-11-14,12.64,OutletCenter
#7554,jerry black,1975-10-05,F,2022-11-20,63.33,AirportStore
5200,JOHN SCOTT,1981/12/18,M,2021/12/21,103.00,Downtown
6544,samantha doe,1983-08-17,F,2022-09-07,82.64,OutletCenter
9452,CLARA DAVIS,1974/08/11,MALE,2022/03/31,66.61,OutletCenter
8203,emILY roChA,1994-05-28,FEMALE,2023-09-28,24.87,OutletCenter
9896,julia perez,1983-09-22,F,2022-10-22,30.75,Suburbs
3228,RENAn JohnsoN,1996-09-16,FEMALE,2023/05/10,60.92,Downtown
6684,davId hUGhEs,1994/09/23,F,2020/06/14,125.00,AirportStore
9803,LiSa ThoMAs,1980/05/03,MALE,2021/01/18,17.39,OutletCenter
#10814,MIchELle raY,1990-08-27,FEMALE,2022/07/26,51.57,OutletCenter
1836,ANNA CLARK,1988-01-22,MALE,2020-05-22,199.17,ShoppingMall
#6614,JOSHUA ROCHA,1975/02/22,MALE,2023/02/27,160.33,AirportStore
#7124,BRUNA MArTINS,1994-11-02,MALE,2021-05-17,151.14,AirportStore
5559,jaCK SMITh,2005/11/30,M,2020-08-04,92.36,ShoppingMall
8762,Lisa cARTEr,1983/08/20,M,2023-01-16,145.81,AirportStore
4955,ANNA SMITH,1994-08-05,F,2022/06/25,124.08,ShoppingMall
#5008,RENAN HUGHES,2002/08/03,F,2023-10-25,82.72,Downtown
8951,JASON CARTER,1990-09-27,F,2023-04-18,18.68,Suburbs
6688,JERRY PRICE,1997-06-26,MALE,2020-12-08,99.57,OutletCenter
#8040,JOSHUA THOMAS,1994-11-26,M,2022/02/01,151.82,ShoppingMall
1784,melissa taylor,1992/01/04,FEMALE,2022/07/17,97.97,Downtown
#5714,MICHELLE HALL,1985/06/18,F,2022/07/21,193.05,OutletCenter
#8385,JOSHUA HALL,1984-01-27,M,2022/05/14,147.61,ShoppingMall
2731,DIANA BAKER,1981/03/22,MALE,2020/03/13,62.55,Downtown
#8927,john perez,1991/03/11,M,2023-10-01,13.96,ShoppingMall
#4212,MICHELLE YOUNG,1986-08-10,M,2023-03-01,20.77,AirportStore
10555,SAMANTHA WILSON,1970/08/07,MALE,2020-08-18,16.37,Suburbs
1887,KAREN ROCHA,1976-07-28,FEMALE,2022/08/07,98.53,AirportStore
#4553,JOHN WILSON,1998/05/08,M,2022/07/02,117.57,OutletCenter
#3197,arThuR PERez,1998/06/20,M,2022-05-06,36.92,Suburbs
#10438,JOSHUA HALL,1997/03/18,MALE,2022/05/25,88.10,ShoppingMall
#3010,MARCIA SCOTT,1994/08/29,F,2020-06-25,95.94,AirportStore
#2624,ARTHUR HUGHES,1990/03/12,MALE,2022/08/06,101.03,ShoppingMall
4526,eMiLY LEe,1974/01/25,MALE,2023-01-02,51.95,Suburbs
#7171,monica perez,1983/03/12,MALE,2021-07-25,94.81,Suburbs
#1650,jerry taylor,1984/01/21,M,2023-11-21,198.04,ShoppingMall
#9087,ANNa hUGhEs,2004-05-25,FEMALE,2023-01-04,88.33,Suburbs
#8845,mArcIa cArTEr,1992/07/26,M,2021/06/24,22.93,OutletCenter
4732,ARTHUR ROSS,1998-10-26,F,2020-11-02,170.13,AirportStore
7853,JERRY PEREZ,1973-06-17,FEMALE,2021/01/18,91.75,AirportStore
#2725,MELISSA BAKER,1972-09-30,M,2021-10-14,99.74,AirportStore
7868,jason rocha,1976/08/11,F,2021/06/01,116.66,Suburbs
2488,jason clark,1971-01-02,M,2023-02-13,33.32,AirportStore
#10640,emily taylor,1970-12-16,F,2021-07-01,199.65,OutletCenter
#7520,SAMANThA young,1996-05-11,FEMALE,2023/12/02,24.20,ShoppingMall
1533,JERRY THOMAS,1995/07/19,FEMALE,2023-11-04,14.82,OutletCenter
#5612,MIKe tHOmas,1998-09-05,F,2023/12/20,112.32,Downtown
#8878,jOshuA raY,1970/04/28,F,2023-01-26,193.93,OutletCenter
#5643,MeLIsSA White,1979/09/29,FEMALE,2022/09/23,86.15,Suburbs
8134,julia pereira,1999/02/25,M,2021-05-11,187.63,Downtown
#1900,michelle baker,1976/03/09,M,2022-01-13,35.06,AirportStore
9247,DavId NGUyEn,1971/02/24,F,2021-07-31,170.23,Suburbs
8621,robert wilson,2003-05-17,MALE,2022/08/21,118.12,ShoppingMall
#3400,MIKE grEen,1998/10/14,F,2020-06-10,44.38,AirportStore
#9111,LISA RAY,1978-11-29,FEMALE,2020-02-11,147.76,ShoppingMall
4407,rEnan HalL,1972-11-13,F,2022-07-18,137.68,OutletCenter
#1869,JERRY HUGHES,1983-03-22,FEMALE,2023/06/02,162.69,ShoppingMall
#7159,EmilY HAlL,1994/01/18,F,2022/10/20,111.66,ShoppingMall
#2671,samantha johnson,1999-08-24,MALE,2023-03-06,181.54,ShoppingMall
#2704,josHUA prICe,1995/06/14,M,2020/12/26,181.64,ShoppingMall
#2952,JANE LEE,1986/08/28,M,2021-02-20,194.33,AirportStore
#4886,JoHn rOcHA,1995/02/14,F,2020-02-28,114.75,OutletCenter
#7840,MElISSa DoE,1974-02-19,F,2021/11/13,32.98,ShoppingMall
10879,brUNa wHitE,1972/05/31,MALE,2023/09/10,76.28,ShoppingMall
8085,anna perez,1992-05-06,MALE,2021-09-15,171.13,Downtown
#9793,DAVID BROWN,2005/03/19,MALE,2020-10-07,84.35,ShoppingMall
#1516,PEteR baKeR,1978/01/26,M,2020/11/27,53.42,ShoppingMall
#2657,robert johnson,1987/06/19,MALE,2021-12-14,46.10,Downtown
6429,ARTHUR LEE,1975-08-08,M,2023/10/14,17.39,Downtown
8167,mike carter,1989-03-08,FEMALE,2021-03-12,180.26,AirportStore
#4422,RENAN BLACK,1978/01/30,FEMALE,2023/04/13,115.73,OutletCenter
#4213,JACK DOE,2004/07/19,MALE,2022/04/12,193.27,OutletCenter
6780,LISA ROCHA,1994-08-22,MALE,2020-11-07,106.53,ShoppingMall
#1502,jULia leE,1991-11-19,MALE,2022-05-09,21.99,AirportStore
#5677,diana lee,1978-02-13,FEMALE,2022/09/24,39.63,OutletCenter
10384,MONICA HUGHES,1984/02/28,FEMALE,2020/06/24,156.04,AirportStore
5948,JULIA PEREZ,1997-12-29,F,2022-04-15,188.84,OutletCenter
2134,JACK HUGHES,1975-05-20,F,2021-01-23,44.56,Suburbs
7249,JASON BAKER,1989-01-18,MALE,2020-07-26,102.29,ShoppingMall
#9989,MARCIA JOHNSON,1993-02-20,M,2021-09-07,145.88,OutletCenter
4960,RENAN BAKER,1987/09/14,FEMALE,2021/04/12,24.07,Suburbs
8867,ANNA DAVIS,1980/08/03,F,2023/06/18,89.67,ShoppingMall
#4926,JACK PEREZ,1993/06/21,MALE,2021/08/26,88.21,Suburbs
#5603,SaMAnTha rOcha,1993/03/12,MALE,2021/04/10,30.10,ShoppingMall
8827,JaNe DAVIS,1976-11-23,F,2021-01-09,153.53,Suburbs
#9506,bRuna JOhNsON,1991-10-21,F,2021-03-11,70.86,Downtown
7712,robert price,1997-07-21,FEMALE,2020-02-21,38.62,OutletCenter
3017,jason ray,1982/07/25,F,2022/04/16,18.27,Suburbs
8686,jack taylor,1989-09-10,MALE,2023/04/14,87.67,AirportStore
5497,MIKE PEREIRA,1971/01/06,M,2023-12-03,180.09,AirportStore
9001,sarah smith,2005-04-21,FEMALE,2023/10/06,87.67,ShoppingMall
#9462,LISA WHITE,1985-04-03,MALE,2023/08/12,139.78,Downtown
#9194,peter hughes,2005/09/09,MALE,2020-05-19,102.73,AirportStore
8875,SaRaH DoE,2000/11/24,FEMALE,2022/07/26,103.20,Suburbs
3673,DAVID BLACK,1984/04/12,MALE,2023-02-04,27.18,OutletCenter
#5413,julia perez,2004/04/23,F,2023-05-27,58.15,Suburbs
9148,lisa young,1983/12/15,M,2022-12-16,135.70,Suburbs
8844,PHILIP WHITE,1999-04-17,M,2020-10-29,163.58,OutletCenter
9786,michelle nguyen,1971-01-20,FEMALE,2022/06/04,108.29,AirportStore
9339,DAvId CArTer,1970-01-24,MALE,2023-12-27,143.48,Downtown
2782,sarah schmidt,2005-06-08,MALE,2020/02/15,196.75,OutletCenter
1387,KaRen SchMiDT,2004-09-30,MALE,2020-09-11,196.99,OutletCenter
#5372,phIlip tAylOR,1998/12/03,F,2021-05-12,58.27,Downtown
#2132,JASON JOHNSON,2002-01-30,F,2022/12/18,21.22,Downtown
#3653,joHn roSs,1995-02-02,F,2023/09/02,98.67,Suburbs
#8923,mike pereira,1998/04/30,F,2023-12-28,95.30,Suburbs
#10080,peter hughes,1982-11-04,MALE,2022/01/12,21.20,ShoppingMall
8296,JACK WHITE,1991/03/15,MALE,2020-11-09,137.96,Suburbs
#5657,CLARA KIM,1989/05/18,MALE,2020/10/03,160.56,ShoppingMall
#5478,JOHN THOMAS,1971/12/29,FEMALE,2023-10-16,110.05,Downtown
#4110,ROBERT SCHMIDT,1997/04/19,M,2022/08/17,72.52,OutletCenter
1078,sARAh smiTh,1971-11-14,F,2023/05/25,57.27,Suburbs
#6488,CLARA SMITH,1988-04-04,FEMALE,2022-10-27,176.51,OutletCenter
7591,karen davis,1994/11/05,F,2023/09/10,161.81,OutletCenter
6966,JULIA RAY,1970-02-22,FEMALE,2023/02/16,49.26,OutletCenter
#9114,JOSHUA CLARK,1993/02/13,F,2020/04/03,69.31,Downtown
#1554,julia black,2000/08/22,MALE,2023-03-04,169.45,Downtown
#5453,DEREK MARTINS,1996-03-30,M,2020/03/25,86.76,AirportStore
2937,aMAndA grEEn,2002/05/11,F,2021-02-07,146.16,OutletCenter
#3788,jane baker,1976-02-16,MALE,2020-07-29,185.11,ShoppingMall
6074,mArCIA haLL,1976-05-26,MALE,2023/06/13,197.78,Suburbs
#6625,JuLiA KiM,1979-05-27,MALE,2020/06/19,17.98,ShoppingMall
#6210,anNA bakeR,1972-12-01,FEMALE,2021-04-21,68.94,OutletCenter
#2367,annA peREIRA,1971-04-09,FEMALE,2021-09-11,105.88,Downtown
#6902,ARTHUR PRICE,1997/08/24,M,2020/01/23,65.81,AirportStore
5236,joShuA LEE,1975/01/25,M,2023/12/17,68.43,AirportStore
#9915,EMILY RAY,1972-10-20,M,2021-07-14,65.33,ShoppingMall
3811,DEREK RAY,1975-02-23,FEMALE,2023/04/29,92.51,OutletCenter
#5214,dAVID rOCHA,1978-10-31,MALE,2022/07/30,10.07,Suburbs
#4869,monica smith,1974-08-30,M,2020-04-08,65.68,Suburbs
3244,DEREK PEREIRA,1976-08-09,FEMALE,2021-09-19,129.39,ShoppingMall
5426,michelle smith,2000/05/07,M,2023/09/29,77.48,ShoppingMall
#6200,SARAH JOHNSON,2005/10/15,FEMALE,2022/01/24,73.78,Downtown
4107,SAmAnthA hAlL,2005-12-05,F,2023/09/30,119.54,Downtown
4628,brUnA lee,2000-03-04,FEMALE,2023-07-12,97.19,AirportStore
2643,monica clark,1984/12/18,FEMALE,2023/10/15,158.99,OutletCenter
#2729,jane kim,2000/09/08,FEMALE,2022-02-25,165.85,AirportStore
9840,EMILY HALL,2004-08-03,F,2023-05-29,151.80,OutletCenter
3963,diana thomas,2003/04/10,M,2023/05/08,157.07,OutletCenter
1058,BRUNA MARTINS,1976/04/05,F,2023-12-03,160.52,OutletCenter
#8801,DAVId Carter,2003-10-27,M,2022/01/13,182.68,Downtown
9554,rENan DOE,1977-12-14,MALE,2022-10-17,73.59,Suburbs
#1602,EMILY KIM,1983-08-01,F,2022-07-01,112.56,AirportStore
9210,emily carter,1977/08/25,F,2021/04/20,112.63,OutletCenter
#9927,john pereira,1970-07-30,F,2020/08/18,47.34,Downtown
3064,jane schmidt,1992-03-30,FEMALE,2020-08-26,143.64,ShoppingMall
9079,MARCIA YOUNG,1984-08-13,M,2020-07-14,178.19,Downtown
#2191,clara smith,1977-08-17,F,2023/03/17,173.69,Suburbs
#2113,JERrY haLl,1974/03/31,F,2022/05/17,115.72,ShoppingMall
#5253,JERRY SCOTT,1994/07/05,FEMALE,2021/04/19,150.44,Suburbs
7445,jason ross,1993-12-25,MALE,2022/01/13,141.60,Downtown
#5459,DAVId WHITe,1984-04-21,FEMALE,2020-04-06,196.24,Suburbs
4950,KAREN SMITH,1975-07-08,F,2021-11-30,60.81,AirportStore
6253,DEreK caRTER,1980/07/13,MALE,2022/05/17,57.63,Suburbs
#2086,CLara nGuYeN,1976/08/13,M,2023-05-31,45.22,OutletCenter
#1950,LISA PEREIRA,1971-09-30,MALE,2021/03/22,113.45,OutletCenter
10164,jack pereira,1993-02-24,F,2020-08-20,114.46,Downtown
9349,anna schmidt,1983-11-21,MALE,2023/11/20,76.71,OutletCenter
7942,peter black,1975-03-06,MALE,2020-09-04,37.55,ShoppingMall
#5872,PhILIp sCoTT,1989-05-26,M,2021-11-25,69.84,OutletCenter
7313,LISA WHITE,1984-03-25,F,2022/09/09,74.65,Downtown
#10449,LISA SCOTT,1992/04/20,M,2021-05-20,69.74,Downtown
3963,julia hall,1998-11-02,M,2020/02/07,24.19,ShoppingMall
6170,DEREK GREEN,2001/03/26,FEMALE,2020/06/27,33.44,Downtown
2684,jerry scott,1998/10/17,MALE,2021-11-29,17.52,OutletCenter
#1409,MIKE DOE,2005/12/26,MALE,2022-12-18,74.23,Downtown
#1923,renan perez,1983-07-13,FEMALE,2022/10/02,25.30,AirportStore
10352,PhilIP doe,1998-07-31,F,2022-12-15,142.92,AirportStore
4980,amanda nguyen,2004-02-17,FEMALE,2022-09-11,105.45,Suburbs
#5745,ARTHUR PEREZ,1991/02/10,MALE,2021-03-02,67.12,Suburbs
2643,MARCIA GREEN,1979/11/11,FEMALE,2020-09-13,163.10,ShoppingMall
#2617,JULIA JOHNSON,1975-10-12,MALE,2021/11/04,112.79,Suburbs
5102,RobERT HAll,1983/01/15,MALE,2021/09/15,128.75,Downtown
3181,ANNA GReeN,1970-01-02,F,2023-09-12,80.83,ShoppingMall
1726,RENAN JOHNSON,1981-11-11,FEMALE,2022/06/24,24.84,OutletCenter
8586,michelle white,1979/11/15,F,2020/04/17,172.62,AirportStore
#6316,EmiLy HUgHes,1985-07-17,M,2020-12-05,130.16,ShoppingMall
8275,DeREk WILsoN,1974-06-13,F,2021/07/28,87.24,AirportStore
#10590,john carter,1999-12-16,MALE,2022-02-28,48.62,ShoppingMall
10169,KAREN NGUYEN,1972-08-29,FEMALE,2023/09/26,99.62,AirportStore
7995,CLArA doE,1977/10/17,FEMALE,2023-05-18,65.18,AirportStore
5679,MELISSA KIM,1974/04/23,F,2022-03-31,24.93,ShoppingMall
#3551,MONICA THOMAS,1979-11-09,F,2022-01-14,41.60,ShoppingMall
4457,DEREK JOHNSON,1990/09/28,FEMALE,2020/06/30,60.01,ShoppingMall
#2848,DEREK RAY,1985/04/06,M,2023-10-25,110.35,Suburbs
8369,MelIsSA PriCE,1975-08-21,F,2023-03-12,113.88,ShoppingMall
2019,monica price,1997-06-16,F,2020-01-03,152.89,Suburbs
#5205,JASON ROSS,1992/02/14,MALE,2022-02-13,179.90,Suburbs
#10515,philip doe,1982/05/21,FEMALE,2020-07-17,76.54,Suburbs
6399,peter johnson,1975-06-18,F,2021-06-14,156.30,AirportStore
#9868,LISA ROSS,1976-01-24,M,2023-09-20,119.85,OutletCenter
5908,PHILIP ROSS,1977-12-09,MALE,2020-02-14,130.51,ShoppingMall
#7269,philip doe,1976/01/24,F,2021/06/25,49.07,Downtown
#4722,david schmidt,2001-04-15,FEMALE,2021-03-28,103.70,Downtown
1835,lisa perez,2000/07/08,F,2023/07/22,162.23,ShoppingMall
5475,rEnAN THOMaS,1982-11-11,M,2022/11/25,185.30,Suburbs
#9685,SARAH CARTER,1999/03/28,F,2021-09-26,39.31,Downtown
#6204,MARCIA GREEN,2004-05-17,F,2023-02-08,126.75,OutletCenter
#9050,samantha carter,1989-02-24,F,2020/03/07,63.84,OutletCenter
#6590,RENAN RAY,1972-11-05,M,2023/09/12,19.47,AirportStore
2723,kARen bLAck,1990/05/04,FEMALE,2023/08/27,43.62,AirportStore
#6562,jane price,1974/02/04,M,2022/09/26,77.28,OutletCenter
4062,AmaNdA RAY,1972-03-18,F,2022-01-14,31.95,ShoppingMall
7430,ClArA yOUNG,1989-08-02,F,2020-10-31,111.57,OutletCenter
#8772,JACK nGUyEn,1986-04-02,F,2023/10/23,140.21,Downtown
#3819,KaReN hugHes,1996/02/06,FEMALE,2022-04-07,50.59,ShoppingMall
3954,melissa davis,1980-07-04,F,2021-12-15,176.57,Suburbs
9250,MOnICA HugHES,1976-12-29,F,2023/03/12,23.24,Suburbs
3205,JACK THOMAS,1991/12/15,M,2020/11/18,87.25,Suburbs
1221,rObErT ross,2003/04/29,MALE,2020-07-30,63.61,Downtown
2915,jaCk sMiTH,1979-09-27,M,2021-11-02,81.35,Downtown
#2082,SAMANTHA ROSS,1983-11-29,MALE,2021/06/13,33.55,Downtown
#10180,julia black,1991-07-10,M,2023-12-13,12.38,Suburbs
5988,marcia hall,1982-06-01,FEMALE,2021/12/02,42.08,OutletCenter
#2690,joshua hughes,1982/03/06,M,2021-10-09,155.62,AirportStore
6997,aMAnDA roSS,2002/09/13,F,2020/04/18,149.84,Downtown
#4284,amanda ray,1994-01-05,F,2021/06/04,122.66,Downtown
#2801,DIANA PRICE,1971-12-06,FEMALE,2023/03/19,196.34,OutletCenter
10654,JOSHUA KIM,1979/09/07,MALE,2020/02/20,89.47,AirportStore
#8355,jane TaYlOR,2003-04-25,M,2020/07/17,124.58,ShoppingMall
1128,DIANA MARTINS,1973/01/02,F,2020-12-15,190.12,Suburbs
5389,ANNA DOE,2005-07-12,M,2021/10/20,72.59,ShoppingMall
7015,monica clark,1982-08-26,FEMALE,2020-01-20,149.11,OutletCenter
8949,michelle wilson,1974-11-22,FEMALE,2023-03-18,82.99,ShoppingMall
8066,BRUNA PeREz,1975/06/14,F,2023-11-09,194.92,OutletCenter
#2104,renan martins,1997-04-23,MALE,2020-06-04,45.31,Suburbs
4600,julia hall,1991/12/01,F,2023-09-10,71.02,Downtown
8749,karEN WIlsOn,1995/08/30,MALE,2023/08/17,29.44,Suburbs
10311,PHILIP DAVIS,1982/08/01,F,2020/04/23,178.77,Suburbs
#10460,JerRy lEe,2003/06/03,FEMALE,2020-09-01,147.07,OutletCenter
#4770,claRa GREEn,2005/10/14,F,2023-01-31,189.21,AirportStore
8979,DEREK NGUYEN,2000/10/07,FEMALE,2022-05-13,93.15,AirportStore
1455,cLaRA tHOMAS,1985/06/24,MALE,2022-06-17,119.59,AirportStore
#8981,jaCK hAll,1997/12/13,FEMALE,2022/10/08,66.08,OutletCenter
#5054,DerEk wIlsON,1985/12/30,MALE,2021-07-06,159.97,Suburbs
#4852,saMaNtHA SMiTh,1987-11-08,M,2022/06/24,164.42,ShoppingMall
8326,julia johnson,2001-04-08,MALE,2022-03-19,27.31,Downtown
3842,BRUNA BAKER,1986-03-23,M,2021-10-20,28.85,ShoppingMall
#5899,MICHELLE JOHNSON,2003/08/06,FEMALE,2022-09-07,33.53,Downtown
5660,KArEN pEreiRA,1995/05/02,M,2022-01-13,41.42,Suburbs
1662,joshua ray,1991-08-16,F,2023/04/26,89.35,OutletCenter
#1337,philiP gREEn,1990-02-17,MALE,2020/03/02,27.09,Suburbs
#1592,michelle nguyen,1976-05-14,M,2021/08/28,45.98,ShoppingMall
4965,PETER YOUNG,1982/10/15,F,2023-06-19,12.85,Suburbs
#6583,marCIa nGuyEN,2004/02/20,F,2023/07/24,29.42,Downtown
3915,anna rocha,1981-12-06,MALE,2021/05/16,150.12,ShoppingMall
3382,jason ross,2000-10-30,MALE,2022-06-24,192.48,Downtown
#6872,marcia brown,1999/02/14,F,2022/01/08,104.77,Suburbs
1330,DIANA BLACK,2004-07-25,M,2021-01-25,118.46,AirportStore
#3656,john white,1986/10/18,F,2021/05/19,160.52,AirportStore
5018,JeRry HuGheS,1975-08-01,FEMALE,2020/01/18,149.79,Downtown
2647,JASON SCOTT,1985-03-15,FEMALE,2022/05/03,170.58,Suburbs
6656,ROBerT maRtinS,1991-03-09,MALE,2020-01-18,63.81,Suburbs
2554,EmilY ThOmAS,1990-03-06,M,2020/04/24,22.48,Suburbs
#9941,jason clark,1993-08-01,M,2021-04-17,149.12,ShoppingMall
3784,philip hughes,1987/07/09,MALE,2020/02/22,186.66,Downtown
#7173,DEREK SMITH,2005-10-12,MALE,2023/11/14,91.36,ShoppingMall
9161,karen baker,1974/06/17,MALE,2022-03-29,83.24,Suburbs
3521,melissa baker,1992-06-13,M,2022-06-01,15.79,ShoppingMall
7587,david rocha,2003-06-09,M,2023/03/04,71.06,Downtown
#4847,jane baKeR,1974-08-28,MALE,2021/03/15,115.71,Suburbs
8285,michELLE PEREIRA,1976-05-13,F,2023-07-23,79.79,Downtown
#2094,JULIA SMITH,2003-04-15,F,2020/05/28,73.57,Downtown
#6424,anna KiM,1989-05-03,F,2021/06/03,190.12,AirportStore
10778,MikE HugheS,2000/08/11,F,2023/01/10,193.77,OutletCenter
#2367,arthur price,2005-05-13,M,2021/12/25,21.77,ShoppingMall
#6677,jeRrY peReZ,1979-08-09,F,2022/01/15,110.23,Suburbs
2796,john taYLoR,1999-09-19,F,2023/11/25,109.00,Suburbs
#4305,PETER PRICE,1972-01-29,M,2020/06/07,139.00,OutletCenter
#1627,artHUR GrEeN,1985/10/14,M,2020/05/06,23.33,OutletCenter
#1450,PhilIp tAYLOr,1971/05/10,FEMALE,2021-09-30,11.07,OutletCenter
4965,brUnA haLl,1975-03-20,F,2021/08/18,25.11,AirportStore
10151,eMiLy DoE,1972-12-05,MALE,2020/12/06,57.28,Suburbs
#5957,EmILy WILSoN,1994/04/13,M,2023/08/02,86.81,Suburbs
#2881,sAmANTHa DAvIS,1991-11-04,F,2022/05/21,197.21,ShoppingMall
#5642,MElISsA PricE,2000-10-31,MALE,2022/08/25,61.93,Downtown
5684,KAREN HUGHES,1980-06-29,MALE,2022/07/02,147.03,AirportStore
#1389,jason green,1989/11/28,FEMALE,2023-09-09,179.42,Suburbs
3762,jAck gReEn,1984-10-08,MALE,2021-04-24,28.66,Suburbs
3092,renan johnson,2003/07/25,MALE,2020/11/16,64.58,Suburbs
2525,lisa clark,1978/04/04,F,2020-03-24,33.39,ShoppingMall
#8066,claRA ScHMIDt,1986/11/03,F,2023/09/30,52.25,Suburbs
#1372,JOSHUA CARTER,1977/06/17,F,2023/03/15,56.74,OutletCenter
#4706,KAREN LEE,2003-07-22,MALE,2021-10-23,144.68,Suburbs
#4039,JOHN TAYLOR,1998/06/15,FEMALE,2020-11-16,48.39,ShoppingMall
#4689,JULIA dAVis,1990-09-01,F,2020/10/12,110.81,ShoppingMall
#5919,MELISSA BROWN,2004-01-10,MALE,2020/03/31,128.10,Suburbs
#4453,PeteR SCott,1992-01-26,MALE,2022/11/19,188.70,Downtown
8927,arthur doe,1981/11/04,F,2022/10/10,27.73,Downtown
2787,LisA youNG,2002-10-23,MALE,2020/03/19,11.70,ShoppingMall
#2227,MIKE THOMAS,1977-05-11,F,2023/07/24,11.53,Suburbs
#10753,ARTHUR DAVIS,1980-03-05,F,2020-09-01,33.05,ShoppingMall
#6074,anna ray,1979/05/29,FEMALE,2023-04-11,131.43,AirportStore
4085,PETER CARTER,1998/10/01,MALE,2021/07/10,150.79,Downtown
4614,PETER CARTER,1974-05-28,F,2020-04-09,189.44,AirportStore
#9526,AnnA YoUNg,1991-08-07,F,2023/08/19,81.16,Downtown
2918,JUlia sCOtT,1980/11/02,M,2023-01-15,192.64,OutletCenter
#10359,arthur price,1986/10/30,FEMALE,2023/11/09,45.16,Downtown
#8932,KaREn roCHa,1985-09-20,MALE,2020/03/23,55.25,OutletCenter
#4645,PETER WHITE,1999/03/05,MALE,2022/06/18,26.33,ShoppingMall
4291,KAREN HUGHES,1971/11/01,FEMALE,2021-01-31,90.51,Downtown
1478,derek doe,1988-07-24,M,2022-02-08,110.76,OutletCenter
10319,JACK WILSON,1986/11/11,FEMALE,2022/05/03,170.03,AirportStore
3355,BRUNA HUGHES,1977-07-07,F,2022-01-19,73.97,Downtown
#4655,MONICA THOMAS,1988-09-30,F,2023-01-03,86.18,Downtown
#2568,MELISSA RAY,1976-04-29,M,2023-09-19,54.66,Suburbs
9352,BRUNA DAVIS,1988-12-12,F,2021-11-22,80.66,OutletCenter
#5161,JASON ROCHA,1989/03/21,M,2020/05/07,86.71,ShoppingMall
4712,ARTHUR ROSS,1991-01-01,FEMALE,2021/05/15,128.72,OutletCenter
8584,emily green,1979/03/03,F,2020/03/04,96.49,Suburbs
7260,JOSHUA NGUYEN,2005/02/03,MALE,2020/10/09,33.07,OutletCenter
#4352,derek black,1999-07-01,MALE,2020/03/26,97.75,Downtown
#4306,arthur green,1979/11/30,FEMALE,2022/11/21,191.58,AirportStore
#6136,john carter,1996-07-13,M,2023/09/19,170.96,Suburbs
#9089,diana white,2000-12-02,M,2023/01/15,125.38,Downtown
5363,EMILY TAYLOR,2000/07/01,F,2020-05-25,156.22,Downtown
#7719,jOSHuA Brown,2003-09-25,F,2021/04/22,143.28,Downtown
#10919,KAreN YoUNg,2000/07/21,MALE,2020/08/01,149.70,AirportStore
#4762,PEtER johnson,1987-08-03,MALE,2023/03/13,94.74,OutletCenter
#3386,JOSHUA JOHNSON,1975/10/23,F,2020-11-23,119.87,Suburbs
10260,monica taylor,1989/10/07,MALE,2021/05/13,163.13,AirportStore
6197,jane brown,1995/07/05,F,2022/02/12,189.82,ShoppingMall
#2503,roBERT wHITE,2004-09-12,FEMALE,2022/02/23,105.81,Suburbs
8321,dAvID nGUyen,2004-06-25,M,2021-02-25,126.87,Suburbs
2228,melissa taylor,1979/07/21,FEMALE,2020/06/21,26.07,AirportStore
#6450,melissa wilson,1973/02/28,M,2023-05-16,100.97,ShoppingMall
#3898,jOshUa tHOmAS,1981-12-15,M,2020-05-28,170.23,Downtown
#4714,EMILy YOuNG,2004/03/17,F,2021/09/21,44.53,OutletCenter
#10072,robert pereira,2003/06/05,M,2022-06-13,83.00,Suburbs
7332,JOSHUA ROCHA,1979/05/07,FEMALE,2023/08/22,94.64,Downtown
5753,RobeRT Ross,1980-02-13,FEMALE,2020/01/03,159.22,Suburbs
1015,amanda young,2001-04-15,FEMALE,2021/03/30,30.18,Downtown
7455,sARAh ROCHa,1995-12-06,M,2022/07/14,159.92,OutletCenter
#10531,EMILy pricE,1998/10/29,F,2021-02-04,176.74,AirportStore
6256,mOnica BaKeR,1998/06/14,F,2020-03-07,197.08,Downtown
#8070,JANE PEREZ,1993-11-29,M,2023/04/01,21.13,OutletCenter
#4770,BRUNA pEreZ,2004-11-15,M,2020-08-04,165.13,ShoppingMall
#8196,sAMAntHa BakeR,1983/03/20,FEMALE,2020-03-17,158.72,ShoppingMall
10504,jack schmidt,2003-01-06,FEMALE,2021/09/06,29.92,OutletCenter
#9722,DEREK DAVIS,1987-01-18,MALE,2021/02/23,179.37,ShoppingMall
#1651,JERRY SMITH,1999-03-04,MALE,2022-06-25,89.67,ShoppingMall
#3844,SARAH JOHNSON,1973/12/31,F,2022/01/04,120.28,ShoppingMall
3478,lisa wilson,1998/08/01,MALE,2022/04/10,88.89,OutletCenter
4777,MARCIA MARTINS,2000/04/20,FEMALE,2020-11-03,74.88,ShoppingMall
#9573,MONICA GREEN,1984/03/18,F,2021-02-23,61.99,OutletCenter
5782,EMILY SCHMIDT,1999-07-09,F,2022/02/06,63.43,ShoppingMall
#6977,AMANDA TAYLOR,1973/06/18,F,2023-12-04,114.45,ShoppingMall
#4533,JOHN SCHMIDT,1982-03-06,MALE,2021-05-06,186.01,Downtown
2745,MICHELLE SCHMIDT,1989/10/11,M,2023-09-12,105.40,Downtown
#6055,MaRcIa roSs,2005/01/07,MALE,2020/05/27,142.78,Suburbs
#5273,AmAnda ROcHa,1973-12-01,MALE,2020/01/03,18.68,Suburbs
7452,peTeR bLack,1983-06-15,M,2022/03/24,32.56,Suburbs
3761,pEtER pereira,1994-05-13,FEMALE,2022-11-21,106.58,AirportStore
1148,jOSHUA ScoTt,2002/05/15,F,2022-06-05,168.01,ShoppingMall
1983,DIANA DOE,1993/11/20,FEMALE,2022/03/14,73.13,Suburbs
#6818,mIKe rOSs,1983/11/20,M,2020-01-21,196.87,Suburbs
10285,john pereira,2004/10/20,MALE,2023-04-06,53.22,AirportStore
#3511,jOhN NGUYEn,1979/12/20,FEMALE,2021/03/12,167.47,OutletCenter
7807,MICHELLE SMITH,1971/05/03,FEMALE,2022-11-17,77.78,OutletCenter
6658,DEREK TAYLOR,1996-12-16,MALE,2021/11/23,67.26,AirportStore
#10499,amanda pereira,1977-07-03,FEMALE,2021/08/04,45.83,Suburbs
9873,anna ray,1983-12-17,F,2020/01/26,40.73,OutletCenter
#7613,JOSHUA BLACK,1993-06-09,MALE,2022/11/03,75.30,OutletCenter
9247,diana hughes,1995-01-11,FEMALE,2022/09/09,37.35,AirportStore
7707,DiAnA DoE,1999-11-07,F,2020/11/12,23.92,ShoppingMall
1296,jANE DAvIS,2004/10/21,MALE,2022-04-02,117.71,Downtown
2461,JACK TAYLOR,1980-04-27,MALE,2021-05-07,169.96,OutletCenter
5660,john PeReIrA,1980-03-28,MALE,2021/11/23,121.75,Downtown
#3964,dAvid TAYlOR,1989-10-30,MALE,2022-11-21,25.65,ShoppingMall
10071,DEREK BROWN,1992-03-24,MALE,2023-08-01,30.86,ShoppingMall
3193,EmiLy BrowN,1977-07-31,FEMALE,2021/10/21,74.43,OutletCenter
#4376,DIANA SCHMIDT,1987/07/08,F,2021/07/17,26.28,OutletCenter
8856,MARCIA SCOTT,1971-11-12,F,2021/10/16,70.75,ShoppingMall
#3931,DAviD JohNsoN,1987/11/20,F,2020-03-31,152.10,ShoppingMall
4872,JULIA BROWN,1993-04-05,FEMALE,2023-04-16,137.01,Downtown
#9478,monica davis,1991-12-31,MALE,2021/07/14,47.58,AirportStore
4139,MELISSA PEREIRA,1978/06/23,M,2020-10-23,53.30,OutletCenter
1680,marcia kim,1999/08/07,M,2022/08/05,155.51,OutletCenter
1714,clara hAll,1992-11-26,M,2021/04/13,199.11,AirportStore
4865,julia perez,1988/06/10,FEMALE,2022/07/17,12.64,AirportStore
#10371,renan young,1997/02/13,FEMALE,2023-08-31,97.19,Downtown
6558,diana smith,1972-03-20,FEMALE,2023-08-08,140.73,Suburbs
5204,sarah baker,1994-01-22,M,2021-12-09,84.89,Suburbs
4767,emily doe,1995-03-01,F,2020/07/24,87.29,ShoppingMall
8945,JaSON BRoWN,1981-02-09,FEMALE,2021/01/27,123.37,OutletCenter
8540,JANE ROCHA,1971-11-04,F,2023/10/27,32.30,Downtown
9374,PETER WILSON,1990/11/12,M,2021-04-17,59.76,Downtown
5767,clara white,1985/02/27,FEMALE,2023-11-09,190.21,OutletCenter
#3501,JERRY CARTER,1980/11/06,FEMALE,2023/11/21,29.15,Downtown
10392,arthur green,1971-08-19,M,2020-04-07,71.06,OutletCenter
10623,bRUNA CArTer,1971/10/05,F,2020-07-02,118.09,ShoppingMall
5200,MIKe SMiTh,1997/04/22,FEMALE,2020-05-01,139.99,AirportStore
9343,ANNa gREen,1998-04-26,MALE,2021/03/14,82.35,OutletCenter
1766,KAreN tAYlOR,1995-12-14,FEMALE,2022-06-03,103.90,AirportStore
#3249,renan white,1999/12/01,F,2020-05-11,164.92,Downtown
#1501,RoBERt MaRtiNs,1981-04-24,F,2021/04/29,37.50,AirportStore
#1948,JOSHUA NGUYEN,1995-01-08,MALE,2022-01-08,34.60,Suburbs
#10408,joHn MARTiNs,1999/07/16,MALE,2020-02-21,115.23,OutletCenter
6718,MIKE PEREIRA,1995-02-16,FEMALE,2022-11-08,125.70,Suburbs
9108,jeRry sCHmIDT,1987-12-10,FEMALE,2022-09-23,171.61,Downtown
1299,KAREN LEE,1985/08/26,F,2021-09-06,142.54,Suburbs
#8086,MIke pereIRa,1988-10-20,F,2020-02-09,189.33,ShoppingMall
5921,robert clark,2004-04-11,MALE,2020-03-10,116.91,AirportStore
10781,david doe,1997/03/29,MALE,2023/10/30,127.71,Suburbs
#7139,ANnA sChMIDt,1987/05/06,MALE,2023/12/15,132.34,Downtown
#1608,julia clark,2005/06/08,FEMALE,2021-03-26,193.99,AirportStore
1070,MICHELLE RAY,1993/10/10,M,2022-05-15,45.11,OutletCenter
1330,MIKE HUGHES,2002/05/13,MALE,2023-12-12,135.24,AirportStore
6297,PETER YOUNG,1997-04-28,M,2023/02/19,23.37,AirportStore
#2059,EMiLY DoE,1989-07-25,M,2020/05/27,163.81,OutletCenter
6376,JACK THOMAS,2004/12/31,FEMALE,2020/01/20,147.45,Suburbs
1816,JANE SCOTT,1985/09/23,M,2022-02-27,37.24,Suburbs
7771,ANnA DOe,2002/02/08,MALE,2021/04/05,28.81,Suburbs
#2768,saMANtha DOE,1985-02-16,F,2021-08-21,59.81,Suburbs
#4949,ANNA LEE,1976/10/04,F,2023/06/20,98.39,AirportStore
#5262,amanda johnson,1978/02/14,F,2022/09/23,159.45,Suburbs
#9791,JOSHUA ROCHA,1983-09-20,FEMALE,2021-05-01,24.33,ShoppingMall
#6073,pEter RAy,1976-08-09,MALE,2020-08-01,185.33,ShoppingMall
#2214,CLARA SCHMIDT,1983/07/24,F,2022/06/29,151.02,Downtown
#4779,JOshua dOe,1986-08-23,M,2023-04-21,91.91,Suburbs
9416,PeTEr GreEn,1989-12-17,MALE,2022-11-15,63.68,Suburbs
#7929,SaMaNTha BaKEr,2005/09/03,FEMALE,2023-12-29,105.46,ShoppingMall
7294,emiLY PRICE,1986-05-02,M,2022/08/01,143.29,OutletCenter
#1787,julia clark,1986-09-25,M,2020/11/01,133.76,Suburbs
9436,JERRY PEREZ,1995-11-06,FEMALE,2022/04/20,110.36,Suburbs
5121,PHILIP BLACK,1978-09-17,FEMALE,2022-03-25,83.99,Downtown
#9318,sarah clark,2003/10/20,FEMALE,2022-09-10,95.05,AirportStore
4129,sarah pereira,1981/10/05,F,2020-02-04,20.03,ShoppingMall
1130,MICHELLE BAKER,1996-10-02,F,2023-09-01,114.60,AirportStore
#5352,juLIA tAyLoR,1998-05-21,MALE,2021-10-11,40.51,Downtown
9684,jasON ROSS,1985/04/27,FEMALE,2022-12-23,157.66,AirportStore
#10235,CLARA WHITE,1979/05/13,MALE,2023/08/25,66.30,ShoppingMall
4782,jack yoUNg,1989/11/11,MALE,2023-01-26,160.42,AirportStore
#6581,AMANDA RAY,1992/01/05,M,2023-10-19,124.13,Downtown
1029,cLAra tAylor,1997-11-28,M,2021-08-06,155.67,Suburbs
10532,MARCIa sChMidt,1997-08-02,M,2020/09/18,170.76,Suburbs
#9372,mike taylor,1997/04/09,MALE,2022-05-02,51.18,Suburbs
#7742,MARCIA THOMAS,1985-11-02,M,2023/11/07,46.53,Downtown
5856,ARTHUR KIM,1984/07/19,FEMALE,2021-08-07,25.51,ShoppingMall
4350,melissa rocha,1990/02/24,FEMALE,2023-09-23,139.31,OutletCenter
#7149,JAne MArTIns,1991-09-22,M,2023-09-03,58.75,ShoppingMall
9095,Bruna scotT,1997/04/07,FEMALE,2021/09/09,172.80,ShoppingMall
#8672,DIANA YOUNG,1973-02-18,M,2020/04/08,197.10,Downtown
5579,DavID peReZ,2004-04-07,FEMALE,2020-06-26,120.86,AirportStore
#8292,MIKE NGUYEN,1972/11/19,MALE,2021/06/17,23.86,OutletCenter
#1076,joshua taylor,1978-08-02,MALE,2020-04-09,32.36,OutletCenter
#2750,DAVID SMITH,1993/05/16,F,2023-09-09,23.87,AirportStore
2987,DAvId sCOTT,1974-05-28,F,2023-02-15,51.65,Downtown
3480,JANE MARTINS,1973-02-13,F,2021-11-16,63.08,OutletCenter
2249,JuLIa clarK,1974/12/17,FEMALE,2022-04-30,53.15,Downtown
9164,marciA martins,1981/03/20,MALE,2021/12/13,88.37,Downtown
#1958,JOSHUA THOMAS,2000/01/01,MALE,2023/02/01,74.26,OutletCenter
4319,clARA blACK,1983-08-17,MALE,2021/10/08,84.02,Downtown
5499,AMANDA CLARK,1989-12-07,M,2021/09/23,11.77,AirportStore
#2510,mike white,1975-02-06,M,2020/06/27,118.63,Suburbs
#1444,DiANa youNg,1988-04-26,FEMALE,2023/09/21,183.27,Downtown
#8950,emily pereira,2000-08-23,MALE,2023/01/02,137.64,Suburbs
#2398,CLARA CLARK,2004-06-26,M,2022-02-28,122.33,AirportStore
1891,lISa BRoWn,1987/08/04,F,2022/02/10,86.74,AirportStore
2718,jason carter,1980-11-27,M,2020-10-29,128.03,Suburbs
#6445,DIANA KIM,1985-12-02,MALE,2020/08/20,73.25,Suburbs
#10800,john wilson,2003-12-15,FEMALE,2022/02/10,164.80,OutletCenter
#5307,MICHELLE JOHNSON,1995-04-20,F,2023/05/10,116.95,Suburbs
#6007,eMILY pereIRa,2004-10-07,MALE,2020/12/22,20.83,ShoppingMall
3222,joshUa dOE,1976/01/15,FEMALE,2021-06-05,65.32,AirportStore
#6027,KAREN PEREIRA,1985/11/08,FEMALE,2021-11-20,45.86,ShoppingMall
#7621,michelle rocha,2000/08/28,M,2022-06-10,30.28,Suburbs
#5322,juLIA wHiTe,1990/09/12,M,2021-01-16,150.95,Downtown
#1769,monIcA tAYlor,1975-06-17,F,2021/01/11,98.21,OutletCenter
#3399,mike kim,1998-06-19,MALE,2021-12-05,146.66,OutletCenter
#2118,maRCiA wIlSon,1989/01/28,MALE,2020/07/27,82.53,Suburbs
10863,joSHuA davIs,1976/08/14,F,2020-08-25,50.25,OutletCenter
7780,robert hughes,1994-10-05,F,2021/04/11,46.84,Suburbs
#7608,david davis,1989-10-16,FEMALE,2022/01/25,187.51,Suburbs
9583,JULIA THOMAS,1995/12/15,FEMALE,2022/01/25,169.85,Suburbs
#2385,derek brown,2001-08-30,F,2023-07-11,57.68,OutletCenter
#6772,PHILIP WHITE,1982-01-20,FEMALE,2020/08/31,110.06,Suburbs
5566,philip hughes,1970/11/22,M,2022-02-11,169.84,AirportStore
4510,lisa hughes,2005-08-29,FEMALE,2020/04/12,152.59,ShoppingMall
#8332,MeLiSSA whiTE,1980-06-29,FEMALE,2020-06-14,106.02,AirportStore
1610,KAREN ROSS,1980-04-14,M,2023/03/29,149.04,AirportStore
9386,mARciA DoE,1999/06/19,FEMALE,2022/08/02,184.77,AirportStore
#6510,MELiSSA RaY,1976-08-25,FEMALE,2022-09-08,141.64,Suburbs
#8918,SAMANTHA DOE,1974-04-08,M,2021-03-17,166.30,AirportStore
#10505,karen green,1996-09-23,FEMALE,2021-03-20,13.75,ShoppingMall
7259,monica green,1976-07-08,MALE,2021-05-06,47.95,Downtown
#5731,jason pereira,1983-06-19,F,2021-10-22,178.11,Downtown
#9912,ARTHUR HALL,1992/11/12,F,2020/09/20,128.99,Downtown
#6066,ANNA SMITH,1981/12/18,FEMALE,2022/05/10,103.55,ShoppingMall
#9545,DIANA NGUYEN,2003/03/27,M,2020/11/22,86.70,Downtown
2364,DEREK MARTINS,1986-02-27,MALE,2020-10-28,80.25,Downtown
#7118,bRunA BlAck,1983-08-21,MALE,2021/08/08,103.71,OutletCenter
#6042,SaMaNTHA SCOtt,1974-05-28,MALE,2023-07-05,118.38,Suburbs
#9564,emilY ray,1979-01-08,FEMALE,2021/10/21,49.82,Suburbs
10027,clara schmidt,1975/05/20,M,2022/04/19,59.52,OutletCenter
#2600,Anna cartER,2000/03/02,FEMALE,2021/12/22,49.16,Downtown
#1648,clara schmidt,2003-06-29,F,2021/09/30,76.66,ShoppingMall
#1696,mARciA DoE,1991/10/25,F,2023-07-23,117.24,OutletCenter
#5504,MICHELLE RAY,2004/12/10,FEMALE,2023/01/13,127.31,ShoppingMall
4912,DerEK sCHmIdT,1983/09/03,F,2022/05/31,136.01,Downtown
#8531,BRUNA YOUNG,1971-07-21,FEMALE,2021-10-20,109.85,AirportStore
#10588,anna young,2004/07/17,FEMALE,2020/09/07,177.47,Suburbs
4371,jane rocha,1971-01-24,M,2023-04-24,87.61,Downtown
#4666,ROBERT CARTER,1999/01/03,MALE,2021/10/01,41.16,AirportStore
#9820,KAREN LEE,1980-12-19,F,2020-10-01,37.92,Suburbs
2144,DIANA NGUYEN,1982/01/30,FEMALE,2023-06-23,190.77,ShoppingMall
4768,mike young,1987-09-19,FEMALE,2020/10/07,170.41,Downtown
5255,ARThur GREEN,1975-11-01,FEMALE,2023-01-08,143.14,OutletCenter
#10532,EMILY PEREIRA,2004-04-04,F,2023-05-16,44.88,Downtown
7630,ROBERT DOE,2002/05/04,M,2021/02/02,57.39,OutletCenter
#6016,david scott,1971-09-11,F,2022/04/27,175.72,Suburbs
#5890,JANE SCOTT,1974-04-19,MALE,2022/06/19,167.67,AirportStore
6425,lisa perez,1976/10/09,FEMALE,2022-08-28,58.66,ShoppingMall
#2878,MIKE THOMAS,1980-02-21,MALE,2021/06/02,48.11,ShoppingMall
#4354,micHelle YoUNG,1973/05/28,F,2021/12/21,134.75,Downtown
7514,miCHeLLE CLARk,2004/12/13,MALE,2021/12/28,38.59,ShoppingMall
#5896,julia lee,1977-08-22,M,2022-08-01,33.30,ShoppingMall
8753,JeRRY JOHnSon,1988/02/23,FEMALE,2023-12-23,116.96,Suburbs
7571,daVId doe,2001-12-27,M,2022/01/29,170.17,ShoppingMall
#6511,RENAN HUGHES,1988-12-01,MALE,2021/01/30,100.67,Suburbs
10738,DEREK GREEN,1978/09/09,FEMALE,2021-04-22,136.41,Downtown
7332,EMILY HALL,1999-10-06,MALE,2023-10-08,52.00,AirportStore
#3265,KAREN JOHNSON,1998-07-25,F,2022-09-24,21.06,AirportStore
5838,rOBeRt yOung,1991/11/19,F,2021/08/27,64.80,Downtown
7554,ARTHUR CARTER,1979-01-31,FEMALE,2022/05/01,121.14,Suburbs
#10673,derek black,1990-03-06,F,2020/08/07,137.28,Suburbs
2178,PETER HALL,1992-08-18,MALE,2023-04-11,157.16,AirportStore
1386,DIaNa CLARk,2001/10/27,M,2023-08-05,64.04,Suburbs
10214,DIANA PEREIRA,1974-07-15,FEMALE,2023/06/22,170.82,ShoppingMall
#1242,SAMANTHA DOE,1985/12/12,FEMALE,2021-01-06,80.66,Suburbs
#7794,MOnIcA Lee,1982/08/23,FEMALE,2021/03/10,183.19,AirportStore
9228,renan baker,2003-01-24,M,2020/07/10,80.78,Downtown
7681,clara kim,1972-10-17,F,2023-11-20,165.79,Downtown
7560,emily schmidt,1985/11/10,FEMALE,2023/08/17,45.18,OutletCenter
10784,JOHN MARTINS,1981/12/15,M,2021-09-04,19.18,Downtown
9927,jason martins,1985-02-19,FEMALE,2022-04-14,37.18,OutletCenter
#3463,DEREk sMIth,1983/04/29,FEMALE,2023/04/22,178.48,AirportStore
7074,SARAH ROSS,1990-01-04,F,2020/08/24,180.80,OutletCenter
#10125,philip doe,1990/02/03,FEMALE,2021/03/17,142.78,AirportStore
9168,michelle price,1986/08/15,M,2023/10/21,51.61,Suburbs
#1607,DIANA RAY,1988-10-31,MALE,2020-03-10,87.71,Downtown
1390,marcia carter,1975-02-22,M,2020/05/10,39.84,Downtown
#2000,bRuNA Ray,1999/01/22,M,2023/10/05,54.25,Downtown
3499,MIKE BROWN,1978-03-10,FEMALE,2023-12-10,46.90,ShoppingMall
7888,AMANDA RAY,1992-02-29,FEMALE,2021-09-28,66.81,ShoppingMall
9944,JERRY LEE,1970-10-23,FEMALE,2020/10/10,143.37,AirportStore
6043,BRUNA ROSS,1997-03-12,MALE,2021-04-12,145.39,Downtown
#2346,josHua roSs,1979/10/01,M,2020-03-22,46.00,AirportStore
4782,KAREN THOMAS,1993-02-20,FEMALE,2021-07-15,142.24,Downtown
4481,BRUNA HALL,1986/09/27,F,2020/11/01,176.09,Downtown
#3846,peter hall,1980-01-01,FEMALE,2022/07/07,160.03,Downtown
#3963,david wilson,1983-04-22,M,2022/01/11,183.72,Downtown
10918,jane black,1982-12-02,F,2023-07-16,65.99,Suburbs
9979,arthuR prIce,2005-08-20,M,2020-06-23,135.15,AirportStore
#7900,DEREK ROSS,1971-07-15,FEMALE,2023/05/11,86.51,OutletCenter
#9397,rEnan PerEirA,1977/12/23,F,2023/11/13,30.98,OutletCenter
#7779,lisa brown,1993/11/09,F,2020-08-18,189.80,OutletCenter
#5242,marcia taylor,1997/07/12,MALE,2022-12-15,48.09,Downtown
#2640,JULIA HUGHES,1987/10/24,M,2023/06/09,188.31,Downtown
8908,AMANdA sCHMiDt,1984-10-29,F,2021-07-17,107.72,OutletCenter
#3491,JOHn JOhNsOn,1990/09/15,MALE,2022/07/19,119.80,OutletCenter
9397,jason doe,1978-03-03,MALE,2021/04/13,83.33,OutletCenter
#5754,karen perez,1994-11-06,F,2021-12-31,30.30,Suburbs
9234,EmiLy BaKEr,1998/01/10,M,2022/10/30,46.48,OutletCenter
#1466,phILIp scOtt,1980-12-19,M,2021/07/26,150.68,Suburbs
#1529,jOShuA hUGhES,1977-05-13,MALE,2021-02-01,17.18,ShoppingMall
1899,JAne WHiTe,2005/03/24,FEMALE,2023/05/15,147.53,AirportStore
#9090,miCHelle KIM,2000/10/29,MALE,2021-01-10,168.11,Suburbs
8566,RENAN JOHNSON,1978/07/02,F,2023/09/13,113.77,AirportStore
3460,EMILY BROWN,1984-01-29,M,2021-12-21,77.34,OutletCenter
#4314,johN Smith,2004-04-17,F,2021-03-07,12.07,ShoppingMall
#5283,SARAH PEREZ,1995/09/09,F,2021/07/05,167.88,OutletCenter
1967,AMANDA SMITH,1997-11-29,M,2020-01-12,173.67,Suburbs
#6664,jane rosS,1993-05-26,FEMALE,2021-03-03,26.56,ShoppingMall
#7673,sAManthA DAVIS,1992-10-10,MALE,2022-12-24,127.73,AirportStore
#6866,rEnan pricE,1993/03/27,FEMALE,2020-02-26,188.63,OutletCenter
2180,monica brown,1985-03-14,F,2021-02-25,172.07,Suburbs
#7702,KaReN BroWN,1970-05-15,FEMALE,2023/07/09,30.61,ShoppingMall
#2594,CLARA ROSS,1990-10-04,F,2021-02-19,129.29,OutletCenter
10010,RobErt hUGhES,1994/08/31,F,2023-03-21,117.70,ShoppingMall
#8121,DEREK RAY,2000/04/12,M,2021/12/20,41.35,AirportStore
#6815,JULIA CARTER,1996/11/06,MALE,2021-03-07,148.40,Downtown
#2724,david nguyen,1982/01/02,MALE,2022/09/04,116.57,OutletCenter
3000,MONICA HUGHES,1991-03-28,M,2021-06-06,151.46,Suburbs
10318,dErEk nguYEn,1979-04-22,M,2023/02/22,138.00,AirportStore
10057,MIKE JOHNSON,1982-03-12,M,2021/10/28,113.48,OutletCenter
#8810,MICHELLE BAKER,1977/05/15,FEMALE,2020/06/23,193.04,Suburbs
10324,robert doe,1997-05-22,M,2020/10/05,194.04,ShoppingMall
9542,aMandA RAy,1980-11-26,MALE,2020-08-20,107.05,AirportStore
10742,JULIA BLACK,1978-08-18,FEMALE,2020-09-03,14.74,Suburbs
2071,anna ross,1983-02-03,F,2023/07/22,64.94,Downtown
7516,ROBERT TAYLOR,2005-09-15,MALE,2022/11/14,175.60,ShoppingMall
#10658,julia smith,1983/06/30,F,2020-10-11,122.01,ShoppingMall
10578,SAMANTHA WHITE,2002/09/12,M,2023-07-02,113.76,ShoppingMall
5170,PHILIP WHITE,1993/09/06,MALE,2023/07/30,19.21,ShoppingMall
4267,robert schmidt,1994-07-23,MALE,2020/10/19,46.10,OutletCenter
#5923,pHiliP ross,1976/10/14,M,2022-06-04,141.34,Suburbs
#4771,JASON CARTER,1979-04-26,FEMALE,2020/12/24,167.38,Downtown
5599,RENAN RAY,1990/03/12,M,2023/07/01,130.10,OutletCenter
5352,jane brown,1988/05/19,M,2023/01/04,111.10,Downtown
5729,Joshua RoCHA,1986-12-10,F,2022-06-07,115.21,ShoppingMall
8991,artHuR smiTh,1990/08/31,MALE,2023/09/03,120.65,Suburbs
#6762,ARtHUr Carter,2001/09/01,F,2022-04-21,151.57,ShoppingMall
#10731,emILY rocHA,1977/09/25,M,2022-12-04,180.79,Downtown
5306,julia doe,2000/04/15,MALE,2020/02/16,52.44,Suburbs
#1085,michelle white,1985-04-15,MALE,2021/10/16,66.32,Downtown
#4620,clara hughes,2004-03-08,MALE,2020/02/03,70.21,ShoppingMall
#7026,SARAH HALL,2004/05/29,M,2020/11/28,37.98,ShoppingMall
6145,JULIA RAY,2004/09/28,MALE,2020/10/23,185.85,OutletCenter
#3766,cLAra dAVis,1998/08/31,M,2023-05-19,98.72,AirportStore
7542,sarAh dOE,1989-06-23,FEMALE,2021-04-24,65.01,OutletCenter
#6770,monica smith,1993/10/20,F,2021/07/27,88.30,ShoppingMall
9936,JaNE sChmidt,1980-10-17,M,2023-10-09,120.17,ShoppingMall
#9195,monica perez,1988/09/12,M,2021/06/11,107.41,AirportStore
10863,melissa black,1994-07-02,F,2023-10-31,153.01,Suburbs
3515,MikE BrOWN,1988/06/05,FEMALE,2022-05-19,195.66,AirportStore
#7453,mike pereira,1971/09/08,MALE,2021/07/01,61.50,ShoppingMall
#3348,KAREN CARTER,1983/09/23,F,2021/06/03,84.70,AirportStore
#3224,Emily CArTer,1976-10-10,F,2023/10/30,46.40,ShoppingMall
#5341,CLArA pereIRA,1985/03/28,FEMALE,2021-12-20,87.67,OutletCenter
#6719,robert rocha,1987-06-23,MALE,2022-07-31,181.66,OutletCenter
#10490,BRUNA DAVIS,1983-11-01,MALE,2020/01/01,26.51,Downtown
#1982,CLARA WHITE,1990-11-11,FEMALE,2023/06/07,154.71,Suburbs
4584,sarah martins,1982-02-12,M,2020/11/14,49.47,ShoppingMall
#4430,JerRy wILson,1992-07-06,FEMALE,2020/10/20,181.74,AirportStore
#6465,jason clark,1997/01/30,F,2020-04-15,166.18,AirportStore
#6125,LISA SMITH,1999/06/09,FEMALE,2023/06/26,22.13,Downtown
1125,SARAH WILSON,1999/07/31,F,2022/03/27,41.73,OutletCenter
7016,JACK BAKER,2005-10-26,M,2022-09-07,33.98,ShoppingMall
#4500,MarCIa THoMaS,1991-10-24,MALE,2020-05-28,184.81,Suburbs
#2349,robert smith,1990-12-23,M,2021/07/29,24.65,Downtown
#6003,DiANA clark,1997-12-23,MALE,2023/08/18,119.22,Suburbs
1107,derek hall,1992/06/03,FEMALE,2021/07/11,159.72,Downtown
5920,DeREk WilSON,1984/05/06,F,2022-11-05,136.33,AirportStore
10460,derek black,1975/09/23,MALE,2022-12-30,119.47,Suburbs
1995,dIanA WHITe,1993/12/31,MALE,2022-06-18,99.09,ShoppingMall
3232,roBert hALL,2002/01/09,FEMALE,2023/02/02,198.63,Downtown
#1166,anna brown,1983-05-22,FEMALE,2023-01-15,17.48,ShoppingMall
8477,JERRY SCOTT,2003/12/06,FEMALE,2022/12/18,44.74,ShoppingMall
1228,sArAH JOHnson,1999/07/04,FEMALE,2023-01-16,45.22,Suburbs
7220,saRAh baKeR,1974-08-10,F,2021-08-20,75.36,AirportStore
3429,LISA JOHNSON,2004-09-16,F,2022-04-11,92.72,ShoppingMall
4885,PHILIP HUGHES,1985/05/29,M,2021/01/09,41.52,OutletCenter
2020,karen ross,1998/08/23,FEMALE,2022-06-13,60.86,Downtown
#2061,ARTHUR PEREZ,1977/06/06,MALE,2020-01-02,86.49,ShoppingMall
2027,KArEN GrEEN,1991/09/02,F,2023/09/07,168.92,Downtown
#5772,derek green,1991-05-29,F,2023/09/09,69.69,OutletCenter
1281,MIke DOE,1991-07-01,MALE,2020-03-10,51.79,Suburbs
#2171,ANNA PRICE,1978-05-31,F,2020/06/26,130.04,Suburbs
#7372,pETer RaY,1978-11-09,M,2020/08/10,107.19,OutletCenter
#5403,emily brown,1995/03/07,FEMALE,2021-10-28,15.58,Suburbs
1714,robert kim,1983/03/28,F,2023-10-10,45.57,Downtown
8841,arthur martins,1998-08-23,FEMALE,2020-05-08,164.01,Suburbs
#7675,mike johnson,1975/07/21,FEMALE,2022/11/12,138.56,OutletCenter
#10797,juliA Doe,1987/07/28,F,2023-07-19,165.29,Suburbs
#1530,lISa sCOTt,1998/08/15,MALE,2022-01-28,54.07,Downtown
#5138,BRUNA TAYLOR,1975/07/15,M,2022-08-03,199.69,OutletCenter
5211,emily davis,1989-11-14,MALE,2021/06/20,112.61,ShoppingMall
1422,karen ray,1975/08/27,F,2022/06/23,150.41,Suburbs
5217,philip taylor,1989-04-26,M,2023/07/09,21.10,AirportStore
#6583,jUlia BROWN,1993-09-11,FEMALE,2020-03-19,16.66,Suburbs
6064,kAReN RaY,1973-09-20,M,2022-09-27,196.46,Suburbs
6185,DEREK KIM,1997/09/09,MALE,2023/04/19,122.96,ShoppingMall
#10105,john smith,1972/06/30,F,2023-01-28,169.93,Downtown
#6777,lisa davis,1995-12-27,MALE,2020/12/02,118.71,OutletCenter
4544,anna scott,1999/02/20,M,2022-10-17,109.67,AirportStore
#3233,jack TaYlor,1971/07/07,MALE,2022-02-20,181.44,OutletCenter
6519,MICHELLE RAY,1971-04-05,M,2021-07-03,60.29,ShoppingMall
7061,emily young,1997/01/17,FEMALE,2022/09/20,161.06,AirportStore
#4476,JANE GREEN,1994-06-15,F,2023/02/20,40.16,AirportStore
2709,michELLe CARTeR,1973-12-18,M,2021-02-13,86.01,OutletCenter
#4043,RoberT leE,1994-07-17,F,2022-08-02,160.25,Suburbs
9070,jack ross,1986-08-19,M,2022/06/01,183.74,Downtown
2085,lisa schmidt,1982/11/22,F,2023-02-12,135.54,ShoppingMall
4947,clara thomas,2002-02-05,MALE,2023-06-28,119.70,OutletCenter
#9836,mike nguyen,2005-03-06,FEMALE,2022-06-13,190.77,Downtown
10142,peter black,1985/12/23,MALE,2023/07/27,43.82,ShoppingMall
4312,JACK CARTER,1982-10-12,MALE,2022/06/24,146.28,ShoppingMall
6277,lisA yOUNg,1999-01-16,F,2021-10-11,179.45,Downtown
#2452,JUlIa pRice,1987/08/08,F,2020/07/05,189.38,OutletCenter
#10283,emily perez,1992-09-30,F,2023-04-04,15.80,OutletCenter
#5553,amanda doe,1981/12/16,F,2021-07-28,177.65,Suburbs
1255,JOSHUA SMITH,1982/11/04,MALE,2023/12/23,61.80,OutletCenter
8898,anna young,1999-11-19,FEMALE,2022/04/15,143.19,Downtown
#5206,MELISSA KIM,1976/03/20,F,2020-11-08,108.31,AirportStore
3115,JASON RAY,2000/06/24,FEMALE,2022/11/21,95.73,OutletCenter
#2126,emily black,1997/11/16,F,2021-04-26,27.36,OutletCenter
9673,arthUr BrowN,1972/04/15,M,2020-02-09,43.42,ShoppingMall
#3427,arthur taylor,1977/07/19,FEMALE,2020/04/30,180.04,Downtown
9094,JOHN DAVIS,1983/12/11,F,2021-01-24,85.44,OutletCenter
#8409,MONICA RAY,1970/05/11,MALE,2022/01/08,101.02,Suburbs
#2734,david johnson,1998-12-31,F,2021/11/19,160.20,AirportStore
#7975,JOSHUA SCOTT,1976-05-05,M,2021/06/21,38.87,Downtown
9987,diana schmidt,1986-02-25,FEMALE,2021-03-06,166.06,AirportStore
4092,JASON SCOTT,1989-06-19,MALE,2022-06-18,23.27,ShoppingMall
#1300,PeteR joHNSON,2004-12-17,F,2023-11-18,198.98,ShoppingMall
#4040,john kim,1999/07/04,M,2023/10/15,26.26,ShoppingMall
#8008,DAViD CaRtER,1989-07-01,MALE,2020/09/12,52.89,ShoppingMall
6382,cLArA BLack,1986-02-08,F,2020-07-31,135.93,OutletCenter
#6709,kAReN PrICE,1970-02-06,MALE,2020/10/15,130.41,AirportStore
#3578,SamANtha SChMiDt,1973/04/26,MALE,2021-06-27,124.40,AirportStore
5924,PHILIP JOHNSON,1986/09/22,M,2021-03-20,36.85,Suburbs
#5299,joshua thomas,1997/07/22,FEMALE,2022/03/26,62.68,OutletCenter
#9665,michelle kim,1990-07-18,FEMALE,2021/11/19,174.68,Suburbs
#8866,AMANDA GREEN,2005-08-05,FEMALE,2023/09/02,68.55,AirportStore
#3056,SARAH SCOTT,1983-12-30,MALE,2023-06-05,46.03,Suburbs
6737,JERRY SCHMIDT,1979/12/28,MALE,2020/11/10,137.74,AirportStore
#10454,emily smith,1974/04/05,F,2020/01/01,138.75,AirportStore
2994,samantha black,2005/12/25,MALE,2022/03/14,48.87,ShoppingMall
4626,philip brown,1979/12/17,F,2020/07/29,114.58,Downtown
#4190,julia perez,1992/02/07,FEMALE,2022-08-13,165.93,AirportStore
#8117,joshua davis,1998/05/11,F,2020/06/06,159.80,Suburbs
10720,arthur doe,2001/12/13,F,2021-07-20,129.22,Downtown
#8751,ANNA PEREZ,1995/01/22,F,2021-05-30,36.47,Downtown
8071,AmANDa CArteR,1985-12-24,MALE,2020/03/17,118.25,AirportStore
9892,bruna lee,1980-11-17,MALE,2021-01-13,35.85,ShoppingMall
